pipeline,n_samples,n_anomaly,n_healthy,true_negative,false_positive,false_negative,true_positive,sensitivity_anomaly_1,specificity_healthy_0,accuracy,balanced_accuracy,recall_anomaly_1,precision_anomaly_1,f1_anomaly_1,recall_healthy_0,precision_healthy_0,f1_healthy_0,roc_auc_anomaly_1,fold
per_measurement,160,40,120,105,15,0,40,1.0,0.875,0.90625,0.9375,1.0,0.7272727272727273,0.8421052631578948,0.875,1.0,0.9333333333333333,0.9777083333333333,fold_1
per_measurement,80,40,40,35,5,0,40,1.0,0.875,0.9375,0.9375,1.0,0.8888888888888888,0.9411764705882353,0.875,1.0,0.9333333333333333,0.999375,fold_2
per_measurement,80,40,40,38,2,0,40,1.0,0.95,0.975,0.975,1.0,0.9523809523809523,0.975609756097561,0.95,1.0,0.9743589743589743,0.991875,fold_3
per_measurement,240,40,200,102,98,0,40,1.0,0.51,0.5916666666666667,0.755,1.0,0.2898550724637681,0.44943820224719105,0.51,1.0,0.6754966887417219,0.90225,fold_4
