pipeline,n_samples,n_anomaly,n_healthy,true_negative,false_positive,false_negative,true_positive,sensitivity_anomaly_1,specificity_healthy_0,accuracy,balanced_accuracy,recall_anomaly_1,precision_anomaly_1,f1_anomaly_1,recall_healthy_0,precision_healthy_0,f1_healthy_0,roc_auc_anomaly_1,fold
per_measurement,160,40,120,87,33,0,40,1.0,0.725,0.79375,0.8625,1.0,0.547945205479452,0.7079646017699115,0.725,1.0,0.8405797101449275,0.9825,fold_1
per_measurement,80,40,40,30,10,0,40,1.0,0.75,0.875,0.875,1.0,0.8,0.888888888888889,0.75,1.0,0.8571428571428571,0.999375,fold_2
per_measurement,80,40,40,32,8,0,40,1.0,0.8,0.9,0.9,1.0,0.8333333333333334,0.9090909090909091,0.8,1.0,0.888888888888889,0.995,fold_3
per_measurement,240,40,200,47,153,0,40,1.0,0.235,0.3625,0.6174999999999999,1.0,0.20725388601036268,0.3433476394849785,0.235,1.0,0.38056680161943324,0.8558749999999999,fold_4
