pipeline,n_samples,n_anomaly,n_healthy,true_negative,false_positive,false_negative,true_positive,sensitivity_anomaly_1,specificity_healthy_0,accuracy,balanced_accuracy,recall_anomaly_1,precision_anomaly_1,f1_anomaly_1,recall_healthy_0,precision_healthy_0,f1_healthy_0,roc_auc_anomaly_1,sID
per_measurement,280,80,200,118,82,0,80,1.0,0.59,0.7071428571428572,0.7949999999999999,1.0,0.49382716049382713,0.6611570247933884,0.59,1.0,0.7421383647798743,0.8651249999999999,Ch1
per_measurement,280,80,200,162,38,0,80,1.0,0.81,0.8642857142857143,0.905,1.0,0.6779661016949152,0.8080808080808081,0.81,1.0,0.8950276243093923,0.9909375,Ch2
