n_samples,n_anomaly,n_healthy,true_negative,false_positive,false_negative,true_positive,sensitivity_healthy_1,specificity_anomaly_0,accuracy,balanced_accuracy,recall_healthy_1,precision_healthy_1,f1_healthy_1,recall_anomaly_0,precision_anomaly_0,f1_anomaly_0,roc_auc_anomaly_0,pipeline,fold,channel,train_specs,test_specs,n_train,threshold,epochs
80,20,60,20,0,8,52,0.8666666666666667,1.0,0.9,0.9333333333333333,0.8666666666666667,1.0,0.9285714285714286,1.0,0.7142857142857143,0.8333333333333333,0.9366666666666666,per_measurement,fold_1,Ch1,Z01+Z02+Z03,Z04+Z05,140,0.6940901307647946,386
80,20,60,20,0,7,53,0.8833333333333333,1.0,0.9125,0.9416666666666667,0.8833333333333333,1.0,0.9380530973451328,1.0,0.7407407407407407,0.851063829787234,1.0,per_measurement,fold_1,Ch2,Z01+Z02+Z03,Z04+Z05,140,0.9567979540288624,284
40,20,20,20,0,2,18,0.9,1.0,0.95,0.95,0.9,1.0,0.9473684210526316,1.0,0.9090909090909091,0.9523809523809523,1.0,per_measurement,fold_2,Ch1,Z01+Z02+Z04,Z03+Z05,180,0.47958063174823273,551
40,20,20,20,0,3,17,0.85,1.0,0.925,0.925,0.85,1.0,0.9189189189189189,1.0,0.8695652173913043,0.9302325581395349,1.0,per_measurement,fold_2,Ch2,Z01+Z02+Z04,Z03+Z05,180,0.5803132473640963,538
40,20,20,20,0,1,19,0.95,1.0,0.975,0.975,0.95,1.0,0.9743589743589743,1.0,0.9523809523809523,0.975609756097561,0.9974999999999999,per_measurement,fold_3,Ch1,Z01+Z03+Z04,Z02+Z05,180,0.6715735557034895,398
40,20,20,20,0,1,19,0.95,1.0,0.975,0.975,0.95,1.0,0.9743589743589743,1.0,0.9523809523809523,0.975609756097561,1.0,per_measurement,fold_3,Ch2,Z01+Z03+Z04,Z02+Z05,180,0.6541302334326125,412
120,20,100,20,0,71,29,0.29,1.0,0.4083333333333333,0.645,0.29,1.0,0.44961240310077516,1.0,0.21978021978021978,0.36036036036036034,0.847,per_measurement,fold_4,Ch1,Z02+Z03+Z04,Z01+Z05,100,0.6175959062862354,707
120,20,100,20,0,27,73,0.73,1.0,0.775,0.865,0.73,1.0,0.8439306358381503,1.0,0.425531914893617,0.5970149253731344,0.9724999999999999,per_measurement,fold_4,Ch2,Z02+Z03+Z04,Z01+Z05,100,0.8500667971445425,273
