hidden_layer_sizes,learning_rate_init,batch_size,alpha,n_iter,final_loss,dev_accuracy,dev_balanced_accuracy,dev_precision_damaged_0,dev_recall_damaged_0,dev_f1_damaged_0,dev_precision_good_1,dev_recall_good_1,dev_f1_good_1,dev_roc_auc_damaged_0
"(16,)",0.0001,8,0.0001,270,0.006566875550302312,1.0,1.0,1.0,1.0,1.0,1.0,1.0,1.0,1.0
"(16,)",0.0001,8,0.001,270,0.00842708371412226,1.0,1.0,1.0,1.0,1.0,1.0,1.0,1.0,1.0
"(16,)",0.0001,8,0.01,270,0.025057509470846583,1.0,1.0,1.0,1.0,1.0,1.0,1.0,1.0,1.0
"(16,)",0.0001,16,0.0001,363,0.011395812298081617,1.0,1.0,1.0,1.0,1.0,1.0,1.0,1.0,1.0
"(16,)",0.0001,16,0.001,363,0.012362094654979726,1.0,1.0,1.0,1.0,1.0,1.0,1.0,1.0,1.0
