pipeline,n_samples,n_anomaly,n_healthy,true_negative,false_positive,false_negative,true_positive,sensitivity_healthy_1,specificity_anomaly_0,accuracy,balanced_accuracy,recall_healthy_1,precision_healthy_1,f1_healthy_1,recall_anomaly_0,precision_anomaly_0,f1_anomaly_0,roc_auc_anomaly_0,fold
per_measurement,160,40,120,40,0,15,105,0.875,1.0,0.90625,0.9375,0.875,1.0,0.9333333333333333,1.0,0.7272727272727273,0.8421052631578948,0.9777083333333333,fold_1
per_measurement,80,40,40,40,0,5,35,0.875,1.0,0.9375,0.9375,0.875,1.0,0.9333333333333333,1.0,0.8888888888888888,0.9411764705882353,0.999375,fold_2
per_measurement,80,40,40,40,0,2,38,0.95,1.0,0.975,0.975,0.95,1.0,0.9743589743589743,1.0,0.9523809523809523,0.975609756097561,0.991875,fold_3
per_measurement,240,40,200,40,0,98,102,0.51,1.0,0.5916666666666667,0.755,0.51,1.0,0.6754966887417219,1.0,0.2898550724637681,0.44943820224719105,0.90225,fold_4
mid_averaged,80,40,40,40,0,3,37,0.925,1.0,0.9625,0.9625,0.925,1.0,0.961038961038961,1.0,0.9302325581395349,0.963855421686747,1.0,fold_1
mid_averaged,80,40,40,40,0,24,16,0.4,1.0,0.7,0.7,0.4,1.0,0.5714285714285715,1.0,0.625,0.7692307692307693,0.9818749999999999,fold_2
mid_averaged,80,40,40,40,0,40,0,0.0,1.0,0.5,0.5,0.0,0.0,0.0,1.0,0.5,0.6666666666666666,0.98375,fold_3
mid_averaged,80,40,40,40,0,13,27,0.675,1.0,0.8375,0.8375,0.675,1.0,0.8059701492537313,1.0,0.7547169811320755,0.8602150537634409,0.995625,fold_4
