pipeline,n_samples,n_anomaly,n_healthy,true_negative,false_positive,false_negative,true_positive,sensitivity_anomaly_1,specificity_healthy_0,accuracy,balanced_accuracy,recall_anomaly_1,precision_anomaly_1,f1_anomaly_1,recall_healthy_0,precision_healthy_0,f1_healthy_0,roc_auc_anomaly_1,fold
per_measurement,160,40,120,105,15,0,40,1.0,0.875,0.90625,0.9375,1.0,0.7272727272727273,0.8421052631578948,0.875,1.0,0.9333333333333333,0.9777083333333333,fold_1
per_measurement,80,40,40,35,5,0,40,1.0,0.875,0.9375,0.9375,1.0,0.8888888888888888,0.9411764705882353,0.875,1.0,0.9333333333333333,0.999375,fold_2
per_measurement,80,40,40,38,2,0,40,1.0,0.95,0.975,0.975,1.0,0.9523809523809523,0.975609756097561,0.95,1.0,0.9743589743589743,0.991875,fold_3
per_measurement,240,40,200,102,98,0,40,1.0,0.51,0.5916666666666667,0.755,1.0,0.2898550724637681,0.44943820224719105,0.51,1.0,0.6754966887417219,0.90225,fold_4
mid_averaged,80,40,40,37,3,0,40,1.0,0.925,0.9625,0.9625,1.0,0.9302325581395349,0.963855421686747,0.925,1.0,0.961038961038961,1.0,fold_1
mid_averaged,80,40,40,16,24,0,40,1.0,0.4,0.7,0.7,1.0,0.625,0.7692307692307693,0.4,1.0,0.5714285714285715,0.9818749999999999,fold_2
mid_averaged,80,40,40,0,40,0,40,1.0,0.0,0.5,0.5,1.0,0.5,0.6666666666666666,0.0,0.0,0.0,0.98375,fold_3
mid_averaged,80,40,40,27,13,0,40,1.0,0.675,0.8375,0.8375,1.0,0.7547169811320755,0.8602150537634409,0.675,1.0,0.8059701492537313,0.995625,fold_4
