pipeline,n_samples,n_anomaly,n_healthy,true_negative,false_positive,false_negative,true_positive,sensitivity_anomaly_1,specificity_healthy_0,accuracy,balanced_accuracy,recall_anomaly_1,precision_anomaly_1,f1_anomaly_1,recall_healthy_0,precision_healthy_0,f1_healthy_0,roc_auc_anomaly_1,fold
mid_averaged,80,40,40,40,0,0,40,1.0,1.0,1.0,1.0,1.0,1.0,1.0,1.0,1.0,1.0,1.0,fold_1
mid_averaged,80,40,40,27,13,0,40,1.0,0.675,0.8375,0.8375,1.0,0.7547169811320755,0.8602150537634409,0.675,1.0,0.8059701492537313,0.991875,fold_2
mid_averaged,80,40,40,3,37,0,40,1.0,0.075,0.5375,0.5375,1.0,0.5194805194805194,0.6837606837606837,0.075,1.0,0.13953488372093023,0.96625,fold_3
mid_averaged,80,40,40,20,20,0,40,1.0,0.5,0.75,0.75,1.0,0.6666666666666666,0.8,0.5,1.0,0.6666666666666666,0.9981249999999999,fold_4
