n_samples,n_anomaly,n_healthy,true_negative,false_positive,false_negative,true_positive,sensitivity_healthy_1,specificity_anomaly_0,accuracy,balanced_accuracy,precision_healthy_1,f1_healthy_1,recall_anomaly_0,precision_anomaly_0,f1_anomaly_0,roc_auc_anomaly_0,pipeline,fold,channel,train_specs,test_specs,n_train,threshold,epochs
40,20,20,20,0,0,20,1.0,1.0,1.0,1.0,1.0,1.0,1.0,1.0,1.0,1.0,mid_averaged,fold_1,Ch1,Z01+Z02+Z03,Z04+Z05,60,0.7685745955277984,226
40,20,20,20,0,0,20,1.0,1.0,1.0,1.0,1.0,1.0,1.0,1.0,1.0,1.0,mid_averaged,fold_1,Ch2,Z01+Z02+Z03,Z04+Z05,60,1.2560678724980803,335
40,20,20,20,0,10,10,0.5,1.0,0.75,0.75,1.0,0.6666666666666666,1.0,0.6666666666666666,0.8,0.9824999999999999,mid_averaged,fold_2,Ch1,Z01+Z02+Z04,Z03+Z05,60,0.7071181048081862,317
40,20,20,20,0,3,17,0.85,1.0,0.925,0.925,1.0,0.9189189189189189,1.0,0.8695652173913043,0.9302325581395349,1.0,mid_averaged,fold_2,Ch2,Z01+Z02+Z04,Z03+Z05,60,1.6016569064590302,311
40,20,20,20,0,19,1,0.05,1.0,0.525,0.525,1.0,0.09523809523809523,1.0,0.5128205128205128,0.6779661016949152,0.965,mid_averaged,fold_3,Ch1,Z01+Z03+Z04,Z02+Z05,60,0.6205641642963768,277
40,20,20,20,0,18,2,0.1,1.0,0.55,0.55,1.0,0.18181818181818182,1.0,0.5263157894736842,0.6896551724137931,0.98,mid_averaged,fold_3,Ch2,Z01+Z03+Z04,Z02+Z05,60,0.6340664733338016,291
40,20,20,20,0,13,7,0.35,1.0,0.675,0.675,1.0,0.5185185185185185,1.0,0.6060606060606061,0.7547169811320755,0.9924999999999999,mid_averaged,fold_4,Ch1,Z02+Z03+Z04,Z01+Z05,60,0.49385019204587677,308
40,20,20,20,0,7,13,0.65,1.0,0.825,0.825,1.0,0.787878787878788,1.0,0.7407407407407407,0.851063829787234,1.0,mid_averaged,fold_4,Ch2,Z02+Z03+Z04,Z01+Z05,60,0.40678886823191757,331
