n_samples,n_anomaly,n_normal,true_positive_anomaly,false_negative_anomaly,false_positive_anomaly,true_negative_anomaly,sensitivity_anomaly,specificity_normal,accuracy,balanced_accuracy,precision_anomaly,f1_anomaly,roc_auc_anomaly,pipeline,fold,channel,train_specs,test_specs,n_train,threshold,epochs
40,20,20,20,0,0,20,1.0,1.0,1.0,1.0,1.0,1.0,1.0,mid_averaged,fold_1,Ch1,Z01+Z02+Z03,Z04+Z05,60,0.7685745955277984,226
40,20,20,20,0,0,20,1.0,1.0,1.0,1.0,1.0,1.0,1.0,mid_averaged,fold_1,Ch2,Z01+Z02+Z03,Z04+Z05,60,1.2560678724980803,335
40,20,20,20,0,10,10,1.0,0.5,0.75,0.75,0.6666666666666666,0.8,0.9824999999999999,mid_averaged,fold_2,Ch1,Z01+Z02+Z04,Z03+Z05,60,0.7071181048081862,317
40,20,20,20,0,3,17,1.0,0.85,0.925,0.925,0.8695652173913043,0.9302325581395349,1.0,mid_averaged,fold_2,Ch2,Z01+Z02+Z04,Z03+Z05,60,1.6016569064590302,311
40,20,20,20,0,19,1,1.0,0.05,0.525,0.525,0.5128205128205128,0.6779661016949152,0.965,mid_averaged,fold_3,Ch1,Z01+Z03+Z04,Z02+Z05,60,0.6205641642963768,277
40,20,20,20,0,18,2,1.0,0.1,0.55,0.55,0.5263157894736842,0.6896551724137931,0.98,mid_averaged,fold_3,Ch2,Z01+Z03+Z04,Z02+Z05,60,0.6340664733338016,291
40,20,20,20,0,13,7,1.0,0.35,0.675,0.675,0.6060606060606061,0.7547169811320755,0.9924999999999999,mid_averaged,fold_4,Ch1,Z02+Z03+Z04,Z01+Z05,60,0.49385019204587677,308
40,20,20,20,0,7,13,1.0,0.65,0.825,0.825,0.7407407407407407,0.851063829787234,1.0,mid_averaged,fold_4,Ch2,Z02+Z03+Z04,Z01+Z05,60,0.40678886823191757,331
